product_name,price,brand
General Purpose Trigger,554.49,Skyba
Trueblue - Blueberry,177.67,Gevee
"Nut - Peanut, Roasted",181.51,Bubblemix
Sugar - Crumb,291.14,Yamia
Appetizer - Cheese Bites,261.52,Dabvine
Mayonnaise - Individual Pkg,668.46,Quimba
Syrup - Chocolate,659.63,Bubblebox
Chinese Lemon Pork,324.74,Realpoint
Squid U5 - Thailand,888.17,Yambee
Danishes - Mini Cheese,884.76,Pixonyx
Sambuca - Opal Nera,134.94,Devcast
"Sauce - Gravy, Au Jus, Mix",59.07,Bluejam
Icecream - Dstk Cml And Fdg,983.15,Voolith
"Beans - Black Bean, Canned",334.62,Mudo
"Plate - Foam, Bread And Butter",628.24,Bluezoom
Sprouts - Baby Pea Tendrils,652.24,Gabtype
"Flour - Buckwheat, Dark",846.85,Blogspan
Wine - Vineland Estate Semi - Dry,921.94,Yodo
Soup - Cream Of Potato / Leek,900.3,Dabvine
Cookie - Oreo 100x2,59.2,Jetpulse
Tomato - Green,832.03,Jamia
"Nut - Almond, Blanched, Ground",163.68,Youbridge
Temperature Recording Station,726.32,InnoZ
Soup - Boston Clam Chowder,29.22,Yodoo
Pepper - Pablano,837.42,Vinder
Wine - Vovray Sec Domaine Huet,843.97,Devcast
"Cherries - Maraschino,jar",724.77,Ooba
Foil - 4oz Custard Cup,970.66,Skipfire
Flax Seed,602.65,Camimbo
Pork - Bones,345.65,Oyondu
Sauce - Fish 25 Ozf Bottle,138.12,Innojam
Pear - Prickly,751.95,Oyonder
Energy - Boo - Koo,518.86,Abata
Galliano,917.41,Tagtune
Watercress,267.48,JumpXS
Spaghetti Squash,474.43,Oloo
Duck - Fat,878.06,Jaloo
Irish Cream - Baileys,617.55,Quinu
Compound - Rum,925.22,Feedmix
Browning Caramel Glace,450.24,Twitterbridge
Cake - Mini Potato Pancake,312.69,Photobug
Oil - Peanut,90.36,Zazio
Bay Leaf Ground,243.55,Realmix
Sauce - Caesar Dressing,59.41,Demizz
Garbag Bags - Black,275.97,Aimbo
Paper - Brown Paper Mini Cups,956.15,Kazio
Cheese - Cheddar With Claret,84.74,Wordtune
"Club Soda - Schweppes, 355 Ml",617.07,Katz
Sugar - Cubes,349.28,Kamba
Beef - Tender Tips,97.93,Jazzy
Sachet,218.69,Aimbu
Jagermeister,755.03,Demivee
Dikon,849.71,Thoughtbeat
Hersey Shakes,884.86,Midel
Wine - White Cab Sauv.on,652.21,Yakitri
Cheese - Marble,450.05,Thoughtblab
Soup - Campbells Bean Medley,698.92,Nlounge
Cake - Sheet Strawberry,306.65,Kaymbo
Syrup - Monin - Blue Curacao,865.8,Tagfeed
Tomato Puree,819.41,Quatz
Tomatoes - Roma,444.04,Yabox
Tea Leaves - Oolong,115.36,Riffwire
Carbonated Water - Peach,329.51,Innojam
Couscous,13.93,Tazzy
Island Oasis - Lemonade,915.0,Jamia
"Juice - Grapefruit, 341 Ml",708.98,Wikibox
Plasticspoonblack,211.45,Skinix
Muffin Hinge 117n,142.77,Quimm
Bread - English Muffin,516.52,Voonyx
Cheese - Brie,403.87,Eayo
"Red Snapper - Fillet, Skin On",260.93,Blogtag
"Lemonade - Strawberry, 591 Ml",543.55,Muxo
Pork - Inside,129.54,Katz
Icecream - Dstk Super Cone,356.95,Linktype
Bread - Rye,488.1,Yambee
Cheese - Goat,486.83,Wikivu
Muffin - Carrot Individual Wrap,797.03,Livefish
Red Cod Fillets - 225g,351.97,Flipbug
Cucumber - English,295.69,Feedmix
Nantucket - 518ml,498.33,Minyx
Haggis,63.82,Realbuzz
Veal - Liver,118.31,Oozz
Pork - Shoulder,701.02,Livepath
"Leeks - Baby, White",107.72,Janyx
Eggplant Italian,266.54,Yakidoo
Onions Granulated,680.75,Realbridge
Pails With Lids,902.92,Viva
Mints - Striped Red,461.68,Skinder
Sobe - Green Tea,947.53,Jabbercube
Water - Spring Water 500ml,672.5,Youspan
Venison - Denver Leg Boneless,332.8,Skivee
Cranberries - Fresh,775.63,Devshare
Soup - Campbells Broccoli,332.1,Feedfire
Muffin Mix - Lemon Cranberry,827.96,Dabtype
Lemons,146.85,Blogspan
Silicone Paper 16.5x24,688.25,Quatz
Soup - Campbells Mushroom,712.8,Dynava
Banana Turning,842.44,Fatz
"Salmon - Atlantic, Skin On",555.77,Yotz
"Mushroom - Morels, Dry",706.83,Dabjam
Coriander - Seed,917.78,Zoomcast
"Juice - V8, Tomato",163.05,Chatterbridge
"Halibut - Whole, Fresh",318.7,Blognation
Carbonated Water - Lemon Lime,163.14,Muxo
"Bread - Multigrain, Loaf",718.52,Quatz
Longos - Greek Salad,577.61,Mydo
Tamarind Paste,789.24,Yadel
"Asparagus - White, Canned",756.71,Topiczoom
"Crab - Claws, 26 - 30",126.53,Thoughtstorm
Leeks - Large,316.85,Skipstorm
Shrimp - Black Tiger 6 - 8,546.1,Youspan
Pizza Pizza Dough,675.19,Skidoo
Pepper - Roasted Red,691.88,Tagfeed
"Brownies - Two Bite, Chocolate",588.35,Ozu
"Doilies - 10, Paper",760.18,Yadel
Yokaline,581.71,Rhyzio
Cheese - La Sauvagine,475.46,Rhyzio
Sauce - Roasted Red Pepper,239.31,Quaxo
"Potatoes - Purple, Organic",115.68,Rhynyx
"Nut - Walnut, Pieces",959.15,Zazio
"Chicken - Thigh, Bone In",963.26,Mynte
Wine - Segura Viudas Aria Brut,190.17,Zoozzy
Wine - Chateau Timberlay,460.45,Voolia
"Nut - Almond, Blanched, Whole",705.6,Plajo
Macaroons - Two Bite Choc,842.12,Quinu
Poppy Seed,665.3,Voonix
"Wine - White, Ej",791.21,Skalith
Oil - Olive Bertolli,947.32,InnoZ
Triple Sec - Mcguinness,622.19,Lazzy
Spice - Chili Powder Mexican,177.07,Tekfly
Truffle - Peelings,409.73,Bluezoom
Extract - Lemon,369.96,Yotz
Rice - Brown,801.8,Chatterbridge
Jack Daniels,572.93,Abata
Energy Drink - Franks Original,762.54,Mita
Magnotta - Bel Paese White,659.93,Dabtype
Chutney Sauce - Mango,917.65,Mymm
"Sauce - Gravy, Au Jus, Mix",904.86,Jazzy
"Salmon - Atlantic, No Skin",496.52,Vidoo
Ham Black Forest,591.39,Wordtune
Cucumber - English,479.82,Rhybox
Table Cloth 53x69 White,19.07,Topicstorm
"Cheese - Manchego, Spanish",212.19,Jaxbean
"Pork - Tenderloin, Fresh",531.69,Aimbu
Pepper - Yellow Bell,642.72,Edgeblab
"Pork - Back, Short Cut, Boneless",737.5,Twitterworks
Pastry - Banana Muffin - Mini,926.26,Blogtag
Wine - Magnotta - Cab Sauv,833.36,Topiclounge
Peppercorns - Green,945.65,Chatterbridge
Pie Shells 10,193.09,Yabox
Soup Campbells - Italian Wedding,438.71,Rhynoodle
"Cheese - Cheddar, Old White",277.66,Youopia
"Crab - Dungeness, Whole, live",678.11,Abatz
"Napkin - Dinner, White",701.85,Zooxo
Bar Bran Honey Nut,660.41,Vimbo
Wine - Casillero Del Diablo,859.88,Jayo
Ecolab - Ster Bac,315.12,Quinu
Poppy Seed,615.56,Dabjam
"Roe - Lump Fish, Red",269.23,Meejo
Sobe - Green Tea,364.62,Jetwire
Chocolate - Chips Compound,391.74,Photospace
Bar Bran Honey Nut,160.59,Vipe
Savory,525.44,Realpoint
"Mushroom - Shitake, Dry",201.61,Wordify
Lotus Rootlets - Canned,723.98,Dynava
Towel Dispenser,496.19,Dabfeed
Eel Fresh,614.48,Feedmix
Cherries - Frozen,281.57,Flipstorm
Seabream Whole Farmed,347.18,Thoughtbeat
"Stock - Beef, White",78.98,Photobean
Cactus Pads,502.69,Fivespan
Pastry - Trippleberry Muffin - Mini,310.42,Jaxworks
Bread Base - Goodhearth,437.97,Yakijo
Onions Granulated,267.15,Aibox
Puff Pastry - Slab,284.3,BlogXS
Longos - Grilled Veg Sandwiches,286.09,Livetube
Hand Towel,567.98,Yambee
"Trout - Hot Smkd, Dbl Fillet",286.4,Photospace
Nougat - Paste / Cream,50.62,Quinu
"Schnappes - Peach, Walkers",279.98,Eadel
"Butter - Salted, Micro",179.25,Youtags
Cheese - La Sauvagine,580.07,Feedmix
"Crab - Back Fin Meat, Canned",906.63,Avamba
Fireball Whisky,784.22,Avavee
Cream Of Tartar,539.7,Trunyx
Pastry - Banana Muffin - Mini,857.74,Zooveo
Pepper - Roasted Red,595.28,Zooveo
Couscous,484.18,Rhyzio
Bread Crumbs - Japanese Style,491.41,Babblestorm
Red Pepper Paste,576.06,Yambee
Ice Cream - Life Savers,242.01,Wikivu
Sprouts - Brussel,914.39,Skipstorm
Wine - Sogrape Mateus Rose,259.3,Agivu
"Mushroom - Shitake, Fresh",889.02,Realcube
"Lamb - Whole Head Off,nz",132.41,Tagpad
"Beer - Alexander Kieths, Pale Ale",799.99,Kwideo
Wakami Seaweed,623.93,Innotype
Wine - Muscadet Sur Lie,634.81,Reallinks
Wine - Remy Pannier Rose,217.95,Mydeo
Dc - Frozen Momji,604.07,Meetz
Plums - Red,913.98,Wikivu
Table Cloth - 53x69 Colour,581.07,Zazio
Tandoori Curry Paste,183.53,Realbridge
Venison - Denver Leg Boneless,773.62,Divape
Couscous,764.85,Wikizz
Pork - Belly Fresh,117.98,Yodoo
Bok Choy - Baby,533.75,Roombo
Ginger - Fresh,571.56,Skynoodle
Eggplant - Baby,59.5,Eadel
Honey - Liquid,995.48,Skimia
Onions - White,716.48,Voonder
Beef - Eye Of Round,740.19,Trudoo
Clams - Bay,377.82,Gigazoom
Arctic Char - Fillets,400.09,Quatz
Oven Mitts 17 Inch,919.01,Oloo
Energy Drink Red Bull,866.33,Oloo
Chicken - Wieners,195.2,Twitternation
Red Currants,38.05,Devpoint
Table Cloth 53x53 White,714.8,Rhyloo
"Veal - Brisket, Provimi, Bone - In",205.25,Dazzlesphere
"Lettuce - Mini Greens, Whole",785.8,Realmix
Nantucket - Pomegranate Pear,148.39,Jaxworks
"Pasta - Detalini, White, Fresh",728.5,Twiyo
Latex Rubber Gloves Size 9,22.25,Gabtype
Buttons,159.22,Wordify
"Oregano - Dry, Rubbed",73.58,Twimbo
Waffle Stix,874.93,Kanoodle
"Crab - Blue, Frozen",675.91,Youspan
Plasticknivesblack,254.83,Youspan
Oil - Sesame,935.62,Mymm
Beef - Top Sirloin - Aaa,55.22,Oozz
Tequila Rose Cream Liquor,421.27,Skiba
The Pop Shoppe - Black Cherry,478.44,Miboo
Spring Roll Wrappers,624.21,Thoughtworks
"Ice - Clear, 300 Lb For Carving",523.68,Geba
Miso Paste White,739.51,Rhynyx
Wine - White Cab Sauv.on,812.7,Voomm
Foam Dinner Plate,217.89,Shuffletag
Raisin - Dark,365.81,Muxo
Salt And Pepper Mix - White,249.76,Gabvine
Ecolab Digiclean Mild Fm,726.48,Shuffletag
Island Oasis - Strawberry,925.62,Brainlounge
Alize Sunset,545.83,Bubbletube
"Crab - Blue, Frozen",240.27,Jabbersphere
Pork - Sausage Casing,998.71,Youtags
Sobe - Lizard Fuel,216.17,InnoZ
Roe - White Fish,507.3,Jabberstorm
Beer - Tetleys,48.46,Thoughtstorm
"Pork - Loin, Boneless",961.37,Wikizz
"Chicken - Diced, Cooked",780.63,Avaveo
Potatoes - Yukon Gold 5 Oz,253.68,Kwilith
Petite Baguette,687.07,Lajo
Olives - Morracan Dired,887.88,Skinte
Coffee - Irish Cream,533.87,DabZ
Muffin Batt - Choc Chk,116.69,Demizz
Beef - Texas Style Burger,430.74,Zoomzone
Port - 74 Brights,996.07,Livetube
Wine - Prem Select Charddonany,117.01,Edgeblab
Beef - Cow Feet Split,755.79,Photobug
"Pepsi, 355 Ml",377.32,Gabtype
Rosemary - Dry,178.48,Thoughtsphere
Bread Base - Italian,585.99,Topiczoom
Pickles - Gherkins,988.69,Topdrive
Milk Powder,514.99,Tavu
Breadfruit,296.64,Quimm
Apple - Northern Spy,374.88,Devpulse
"Wine - Red, Harrow Estates, Cab",399.97,Flashdog
Beer - Tetleys,804.08,Jaxspan
Tilapia - Fillets,672.52,Jamia
Corn - Mini,624.4,Thoughtbeat
Sauce - Marinara,501.17,Zooveo
Potatoes - Yukon Gold 5 Oz,450.37,Fliptune
Cheese Cloth,605.07,Youbridge
Toamtoes 6x7 Select,454.12,Blogspan
Coffee - Egg Nog Capuccino,593.73,Feedmix
Flower - Dish Garden,859.75,Riffpedia
Tray - 12in Rnd Blk,963.21,Skipfire
"Placemat - Scallop, White",454.97,Ainyx
Pork - Belly Fresh,542.33,Thoughtstorm
Cheese - Bakers Cream Cheese,703.32,Skimia
Muffin Mix - Raisin Bran,684.6,Flashpoint
Beef - Tender Tips,937.21,Reallinks
Cleaner - Bleach,605.06,Zoombeat
Mushroom - Portebello,957.19,Realcube
Hipnotiq Liquor,138.62,Voonix
Carbonated Water - Raspberry,642.93,Wordpedia
Bread - Olive Dinner Roll,25.69,Feedbug
Oneshot Automatic Soap System,213.23,Avaveo
Chickhen - Chicken Phyllo,551.79,Chatterpoint
Clam - Cherrystone,843.93,Bluezoom
Garam Masala Powder,174.18,Quimm
Sponge Cake Mix - Chocolate,904.59,Roodel
Vinegar - Sherry,862.75,Midel
"Crab - Claws, 26 - 30",385.64,Edgetag
"Juice - Pineapple, 48 Oz",408.33,Meedoo
Cut Wakame - Hanawakaba,822.39,Aimbo
Bread - Wheat Baguette,362.75,Edgepulse
Yeast Dry - Fermipan,964.88,Wikido
Chicken - Leg / Back Attach,456.88,Divavu
Steam Pan - Half Size Deep,515.43,Babblestorm
Gatorade - Xfactor Berry,644.31,Skajo
Beef - Tenderloin,439.18,Blogtag
"Wine - Red, Cabernet Merlot",873.64,Skilith
"Potatoes - Yukon Gold, 80 Ct",393.13,Photolist
Graham Cracker Mix,933.47,Avamm
Vacuum Bags 12x16,449.0,Kazu
Wine - Sicilia Igt Nero Avola,289.59,Shufflebeat
Veal - Insides Provini,218.46,Ozu
Cheese - Stilton,169.09,Yotz
Bread - Corn Muffaleta Onion,294.63,Leexo
"Tortillas - Flour, 12",436.11,Photobean
Toothpick Frilled,644.44,Zoonder
Brandy Apricot,606.96,Dabjam
Potatoes - Yukon Gold 5 Oz,366.23,Edgeify
Carrots - Jumbo,417.89,Plambee
"Lamb - Pieces, Diced",634.5,Skiptube
Sugar - Monocystal / Rock,306.55,Tambee
Soup - Campbells - Tomato,64.17,Blogspan
Bread Crumbs - Japanese Style,930.11,Tazzy
Miso Paste White,91.44,Babblestorm
Lobster - Tail 6 Oz,87.68,InnoZ
Shrimp - Black Tiger 26/30,792.1,Snaptags
"Pasta - Fettuccine, Egg, Fresh",887.64,Skynoodle
"Potatoes - Instant, Mashed",905.29,Voomm
"Soup - Beef, Base Mix",108.99,Vimbo
Wine - Masi Valpolocell,254.08,Aibox
Juice - Lime,135.53,Oba
Bar - Granola Trail Mix Fruit Nut,99.61,Devcast
Curry Paste - Green Masala,265.15,Plambee
Eel Fresh,364.81,Fanoodle
Wine - Red Oakridge Merlot,214.17,Twitternation
"Shrimp - 16/20, Iqf, Shell On",661.91,Wikizz
Brandy Cherry - Mcguinness,206.88,Ainyx
Cup - Paper 10oz 92959,240.26,Skynoodle
"Juice - Orange, Concentrate",796.34,Browsetype
Tray - 16in Rnd Blk,688.55,Tagopia
Cheese - Le Cru Du Clocher,387.47,Lazzy
"Cheese - Manchego, Spanish",51.56,Plambee
Cheese - Feta,761.39,Mynte
Gatorade - Lemon Lime,980.94,Babbleset
"Lobster - Baby, Boiled",790.06,Rhynyx
Caviar - Salmon,938.62,Zoomzone
Bread Roll Foccacia,212.3,Einti
Rappini - Andy Boy,945.95,Tagchat
Savory,33.87,Quimba
Star Fruit,7.67,Meezzy
Pur Source,15.71,Abatz
Browning Caramel Glace,954.67,Midel
Pepperoni Slices,216.64,Realblab
Wine - Chardonnay South,641.51,Shuffledrive
Juice - V8 Splash,240.59,Edgeblab
Pastry - French Mini Assorted,245.4,Kwimbee
Cilantro / Coriander - Fresh,315.41,Vinte
Water - Spring 1.5lit,246.06,Minyx
Longos - Greek Salad,203.14,Meedoo
"Tart Shells - Sweet, 4",4.16,Dynava
Wine - Spumante Bambino White,76.67,Realcube
Pepper - Red Bell,576.62,Twitternation
Longos - Assorted Sandwich,279.71,Topiczoom
Cheese - Comtomme,614.26,Digitube
"Salt - Rock, Course",850.28,Brainverse
"Pork - Back, Short Cut, Boneless",989.75,Pixoboo
Sprite - 355 Ml,516.54,Brightbean
"Mushroom - Shitake, Fresh",100.03,Tagopia
Pie Pecan,575.26,Minyx
Table Cloth 72x144 White,856.07,Skyvu
Ecolab - Hand Soap Form Antibac,532.06,Riffwire
Bread - Kimel Stick Poly,966.25,Oodoo
"Lamb - Leg, Boneless",328.89,Jaxspan
Aspic - Amber,794.45,Jayo
Dried Figs,271.25,Realfire
Stock - Fish,502.86,Feedbug
"Soup - Campbells, Spinach Crm",301.0,Divanoodle
Flour - Strong,506.51,Yambee
Praline Paste,975.31,Jaxbean
Wine - Lamancha Do Crianza,882.61,Bluejam
Blueberries,907.08,Oozz
"Salmon - Atlantic, Fresh, Whole",88.41,Zooxo
Catfish - Fillets,448.91,Meevee
Cheese - Perron Cheddar,512.36,Browsezoom
Tequila - Sauza Silver,689.39,Brainsphere
Oil - Olive Bertolli,316.21,Innotype
Lettuce - Green Leaf,409.83,Wikido
Pineapple - Golden,114.05,Skyndu
Curry Powder,589.92,Aimbu
Longos - Grilled Salmon With Bbq,629.15,Livetube
Cheese - Le Cheve Noir,418.05,Rhyloo
Heavy Duty Dust Pan,546.42,Devshare
Coffee - Flavoured,767.77,Twimm
Chocolate - Chips Compound,429.6,Photofeed
"Wine - Red, Lurton Merlot De",126.1,Buzzdog
Spice - Peppercorn Melange,433.82,Blognation
"Zucchini - Mini, Green",778.65,Quimba
"Lobster - Baby, Boiled",970.67,Zazio
Longos - Grilled Chicken With,518.8,Meeveo
Wine - Cotes Du Rhone,911.45,Jetwire
"Artichoke - Bottom, Canned",956.2,Lazz
"Beef - Bones, Marrow",268.74,Skyvu
"Chicken - White Meat, No Tender",856.19,Flashpoint
Vinegar - Cider,397.05,Zooxo
Soup - Campbells Bean Medley,271.95,Fliptune
Soup Campbells - Italian Wedding,848.79,Jaxspan
Kellogs Cereal In A Cup,379.69,Eadel
Danishes - Mini Raspberry,508.44,Roombo
Curry Paste - Madras,882.22,Tazzy
Corn Syrup,524.52,Gabtype
Beer - Blue,691.95,Kayveo
Sprouts - Bean,846.21,Yadel
"Nut - Almond, Blanched, Ground",889.16,Yodoo
Fruit Mix - Light,661.49,Ooba
Tofu - Soft,324.13,Pixoboo
Langers - Mango Nectar,261.11,Dabfeed
Longos - Lasagna Beef,670.28,Topicblab
Puree - Blackcurrant,187.4,Jaxworks
Chocolate Bar - Reese Pieces,317.64,Reallinks
"Nut - Pine Nuts, Whole",714.62,Zoomzone
Beer - Upper Canada Light,377.25,Divanoodle
Tamarind Paste,492.75,Skimia
Thermometer Digital,113.58,Dabfeed
Lighter - Bbq,937.22,Skivee
"Spoon - Soup, Plastic",529.16,Yabox
Coffee Guatemala Dark,919.82,Gabtype
"Fish - Artic Char, Cold Smoked",874.88,Oyonder
Wine - Zonnebloem Pinotage,719.36,Oyope
Rice - Sushi,876.5,Oloo
Beer - Fruli,733.47,Photofeed
Pepper - Scotch Bonnet,552.71,Gabtype
Beets,424.76,Gabtype
Sprouts Dikon,796.84,Gevee
Scotch - Queen Anne,372.84,Avaveo
Chocolate - Semi Sweet,617.15,Kanoodle
Compound - Orange,362.95,Thoughtbeat
Juice - Ocean Spray Kiwi,886.78,Katz
Coriander - Ground,608.58,Wordtune
Tea - Herbal - 6 Asst,451.85,Oba
Puree - Blackcurrant,598.19,DabZ
Tomatoes - Heirloom,101.34,Roodel
Lettuce - Lolla Rosa,892.58,Oyope
Cinnamon Buns Sticky,665.4,Gabcube
"Wine - Magnotta, Merlot Sr Vqa",555.59,Thoughtbeat
Savory,983.2,Photofeed
Tumeric,75.48,Kanoodle
Spring Roll Wrappers,314.92,Topicshots
Milk - Skim,291.0,Tazz
Sole - Fillet,983.45,Zoomdog
Juice - Orangina,639.55,Realbridge
"Lettuce - Mini Greens, Whole",708.62,Kare
Shrimp - Black Tiger 26/30,855.61,Realmix
Milk - Buttermilk,619.4,Tavu
"Veal - Shank, Pieces",85.66,Realcube
Rice Wine - Aji Mirin,809.65,Dynabox
Ecolab Digiclean Mild Fm,952.02,Npath
Salt - Seasoned,557.45,Avavee
"Quail - Whole, Boneless",13.11,Devshare
"Pepper - Chipotle, Canned",45.08,Dynabox
Goldschalger,424.55,Zoonoodle
Pimento - Canned,616.45,Brainlounge
Eggroll,116.58,Skippad
Red Cod Fillets - 225g,3.85,Aibox
"Wine - Harrow Estates, Vidal",277.57,Shuffletag
Onions - Cooking,985.78,Photobug
Kolrabi,330.54,Oyoba
Schnappes Peppermint - Walker,161.82,Trilith
Oil - Safflower,186.2,Gabvine
Crackers - Graham,143.23,Twiyo
Ecolab Digiclean Mild Fm,231.95,Leenti
"Red Snapper - Fillet, Skin On",970.42,Kanoodle
Veal - Knuckle,35.79,Thoughtbeat
Cheese - Camembert,918.86,Skinte
Potatoes - Idaho 100 Count,508.86,Tagfeed
Yams,706.84,Aivee
Honey - Lavender,174.24,Flashdog
Appetizer - Assorted Box,504.0,Twitterbeat
Sauce Bbq Smokey,292.7,Shufflebeat
Soup - Verve - Chipotle Chicken,247.15,Dabtype
Pastry - Lemon Danish - Mini,337.89,Gigazoom
"Turkey - Whole, Fresh",338.11,Brightbean
Oil - Macadamia,616.47,Yodo
Turnip - White,60.95,Centidel
Dome Lid Clear P92008h,172.62,Photobean
Piping - Bags Quizna,359.99,Kazu
Onions - Green,763.54,Kimia
"Wine - White, Colubia Cresh",477.92,Bubbletube
Cleaner - Comet,718.99,Tagtune
Cheese - Bakers Cream Cheese,735.27,Voolith
Rabbit - Legs,841.31,Kanoodle
Bar Mix - Lemon,966.06,Yodo
Coffee Cup 16oz Foam,965.34,Leenti
Pepsi - 600ml,441.32,Zoombeat
"Sauce - Gravy, Au Jus, Mix",370.5,Aimbu
Maintenance Removal Charge,489.81,Vitz
Thyme - Fresh,594.81,Jabbersphere
Icecream - Dstk Strw Chseck,226.63,Thoughtstorm
Nantucket Pine Orangebanana,730.14,Dynazzy
Milk 2% 500 Ml,617.52,Trilia
Puree - Mango,735.48,Zoombox
Arctic Char - Fillets,554.04,Yabox
Onions - Pearl,247.6,Linktype
Tea - Vanilla Chai,60.97,Thoughtmix
Rice - Wild,353.2,Trilia
Mousse - Mango,768.94,Devpulse
Potatoes - Parissienne,117.52,Rhycero
Grouper - Fresh,19.32,Shuffletag
Pepper - Cubanelle,625.65,Voomm
"Crab - Back Fin Meat, Canned",144.1,Zoombeat
Pork - Suckling Pig,566.49,Tagpad
Ice Cream Bar - Rolo Cone,406.11,Skalith
Sauce - Chili,871.25,Bubblebox
Sugar - Splenda Sweetener,570.0,Skyvu
"Sauce - Bernaise, Mix",653.62,Cogibox
"Onions - Dried, Chopped",83.67,Thoughtsphere
Bagel - 12 Grain Preslice,326.17,Oloo
Pork - Side Ribs,305.35,Riffpath
Pork Casing,846.17,Centimia
Poppy Seed,902.33,Linktype
"Basil - Primerba, Paste",472.88,Twitterwire
Chocolate Bar - Oh Henry,918.1,Teklist
Cabbage - Nappa,604.82,Realbuzz
Mace Ground,551.87,Realmix
Wine - Balbach Riverside,323.7,Zoomzone
Burger Veggie,305.61,Bubbletube
"Tomatoes - Diced, Canned",549.26,Yata
Pepper - Chilli Seeds Mild,496.06,Edgeify
Tomatoes Tear Drop,993.03,Twitterwire
Mangoes,88.49,Buzzdog
Pepperoni Slices,7.38,Muxo
Pepper - Scotch Bonnet,790.11,Wordtune
Cake Slab,248.8,Kwideo
Wine - Remy Pannier Rose,537.59,Topicblab
Long Island Ice Tea,357.66,Roombo
Croissants Thaw And Serve,308.18,Feednation
Celery,551.43,Rhynoodle
Bread - French Stick,284.2,Twitterbeat
Chinese Foods - Cantonese,694.79,Quinu
Laundry - Bag Cloth,713.29,Zoomdog
Scallops - 20/30,338.57,Aimbu
Asparagus - Mexican,266.18,Centizu
Muffin - Mix - Creme Brule 15l,637.98,Bluezoom
Orange - Blood,65.94,Browsetype
Scotch - Queen Anne,294.82,Minyx
Soup - Campbells Mushroom,113.76,Divanoodle
Juice - Ocean Spray Cranberry,343.77,Katz
Puree - Guava,617.33,Youbridge
Pie Shell - 9,779.92,Lajo
Beef - Rib Eye Aaa,335.37,Fanoodle
"Nut - Pistachio, Shelled",323.32,Myworks
"Mushroom - Shitake, Dry",282.98,Fanoodle
Shrimp - Tiger 21/25,141.75,Realcube
Bacardi Mojito,924.32,Jaxworks
Asparagus - Mexican,400.67,Topdrive
"Fish - Artic Char, Cold Smoked",376.18,Yoveo
"Asparagus - Green, Fresh",938.39,Meezzy
Cod - Fillets,912.18,Shuffledrive
Snails - Large Canned,942.53,Brainlounge
"Veal - Brisket, Provimi,bnls",219.79,Photobean
Smoked Tongue,915.31,Skaboo
"Gin - Gilbeys London, Dry",718.1,Realfire
Soup - Campbells - Tomato,861.75,Agimba
Wine - Shiraz South Eastern,377.86,Wikibox
Bread - Triangle White,961.91,Gabtune
"Pork - Tenderloin, Frozen",538.34,Skilith
Cake Slab,806.12,Fanoodle
Coffee - Egg Nog Capuccino,352.01,Voonder
Milk - Chocolate 500ml,235.37,Skajo
Milk - Chocolate 250 Ml,287.49,Mynte
Sauce - Sesame Thai Dressing,835.78,Thoughtworks
Flour - Cake,400.72,Yadel
Truffle Paste,806.92,Edgeclub
"Gingerale - Schweppes, 355 Ml",403.75,Realbuzz
Rye Special Old,336.05,Twimm
Clams - Bay,564.05,Devpoint
Cookie Dough - Chunky,872.35,Wikibox
Beer - Camerons Auburn,34.82,Gabcube
"Stock - Beef, White",806.96,Podcat
Island Oasis - Sweet And Sour Mix,484.93,BlogXS
Mushroom - Lg - Cello,651.41,Trilith
Veal - Bones,460.46,Eayo
"Wine - Red, Pinot Noir, Chateau",410.89,Riffpath
Soap - Pine Sol Floor Cleaner,477.2,Yozio
Veal - Inside,992.58,Livefish
Flavouring - Raspberry,962.19,Feedbug
Flour - Teff,963.94,Jabbertype
"Red Snapper - Fillet, Skin On",432.72,Topicware
Oil - Canola,924.5,Shuffletag
Coffee Guatemala Dark,868.09,Digitube
Daikon Radish,791.2,Gabvine
"Sauce - Black Current, Dry Mix",252.16,Yamia
Wine - Two Oceans Cabernet,317.9,Yoveo
Sausage - Blood Pudding,288.46,Topdrive
Beans - Butter Lrg Lima,532.71,Twinder
Potatoes - Mini White 3 Oz,500.26,Snaptags
Pastry - Trippleberry Muffin - Mini,773.83,Photospace
Gooseberry,46.17,Ooba
Ketchup - Tomato,824.21,Brightdog
Lamb - Shoulder,717.81,Twimbo
Appetizer - Seafood Assortment,120.2,Yadel
Instant Coffee,783.41,Skyvu
Dates,402.21,Vidoo
Chinese Foods - Chicken Wing,618.63,Meetz
Tea - Green,630.77,Nlounge
Venison - Liver,256.38,Browsecat
French Kiss Vanilla,465.06,Tekfly
Vanilla Beans,382.99,Lazzy
Cucumber - English,2.48,Dabshots
Wine - Rosso Del Veronese Igt,555.9,Twitternation
Beef - Bresaola,166.7,Skalith
Bread Fig And Almond,816.47,Yodo
Madeira,917.32,Thoughtstorm
Vinegar - Raspberry,513.57,Wikivu
Breakfast Quesadillas,733.72,Voomm
Crab - Soft Shell,85.21,Centizu
Oil - Olive,398.15,Dazzlesphere
Lotus Root,475.96,Flipstorm
Kiwano,394.16,Oyoyo
Juice - Cranberry 284ml,558.51,Avamm
Wine - Masi Valpolocell,631.85,Centizu
Oats Large Flake,571.66,Teklist
Longan,412.61,Jetwire
"Pepper - Black, Ground",513.45,Eire
Dill Weed - Dry,173.07,Oozz
Bread - Burger,407.82,Dablist
Silicone Paper 16.5x24,738.24,Twitternation
"Basil - Dry, Rubbed",914.43,Kanoodle
Olives - Kalamata,804.62,Brainbox
Turkey - Ground. Lean,947.56,Voomm
Pork - European Side Bacon,390.21,Skyndu
"Beef - Roasted, Cooked",997.35,Dynabox
Creme De Cacao White,895.42,Browseblab
Urban Zen Drinks,21.67,Livetube
Mikes Hard Lemonade,316.98,Skinix
Pails With Lids,854.41,Kwinu
Mudslide,98.25,Skippad
Extract - Lemon,705.28,Aimbo
Bread - Focaccia Quarter,46.13,Demizz
Cinnamon - Ground,278.53,Buzzshare
Pepsi - 600ml,976.77,Youtags
Sauce - Thousand Island,883.0,Feedmix
Island Oasis - Banana Daiquiri,969.42,Yakidoo
Pepperoni Slices,307.97,Edgepulse
Wine - Sicilia Igt Nero Avola,327.85,Agivu
Jolt Cola - Electric Blue,296.18,Linktype
"Asparagus - Green, Fresh",576.16,Skyble
Mcgillicuddy Vanilla Schnap,5.63,Tekfly
"Sauce - Gravy, Au Jus, Mix",990.55,Rhynyx
Pate Pans Yellow,887.15,Midel
Rootbeer,557.45,Browsetype
"Nut - Pistachio, Shelled",374.09,Dynabox
Pineapple - Regular,680.92,Voolith
Cup - Paper 10oz 92959,434.01,Browsezoom
Sugar Thermometer,739.78,Twitterwire
Cocoa Powder - Dutched,510.91,Kwideo
Baking Soda,673.99,Snaptags
Strawberries,443.55,Jabbersphere
Bread - Burger,57.67,Tekfly
Dooleys Toffee,86.45,Flipstorm
Crackers - Soda / Saltins,617.96,Katz
Wine - Casillero Deldiablo,253.44,Leenti
Lentils - Green Le Puy,3.75,Meejo
V8 - Berry Blend,763.66,Geba
Nougat - Paste / Cream,249.08,Photobug
Turnip - Wax,283.6,Feedbug
Wine - Sicilia Igt Nero Avola,606.4,Shuffledrive
Tilapia - Fillets,41.07,Quire
Bread - Ciabatta Buns,984.37,Jabbersphere
Lid Tray - 16in Dome,271.45,Myworks
Veal - Ground,849.49,Eire
Lotus Leaves,181.8,Innotype
Bowl 12 Oz - Showcase 92012,814.87,Jaxspan
"Turkey - Breast, Smoked",638.46,Centidel
Truffle Cups - Red,475.77,Oloo
Beef - Short Ribs,770.0,Leexo
Water - Spring Water 500ml,380.4,Trudeo
"Lamb - Whole, Fresh",144.94,Mynte
Ecolab - Mikroklene 4/4 L,661.04,Oyondu
Brandy - Bar,471.94,Demizz
Soup Knorr Chili With Beans,778.44,Edgeify
Wine - Kwv Chenin Blanc South,437.3,Ailane
"Juice - V8, Tomato",541.89,Rhynyx
Jagermeister,476.35,BlogXS
Nut - Pumpkin Seeds,763.13,Voomm
Energy Drink Bawls,928.95,Livepath
Cleaner - Pine Sol,381.11,Twitterworks
"Leeks - Baby, White",132.38,Thoughtbeat
Wine - Barossa Valley Estate,390.65,Kazio
Bread - Burger,768.82,Skippad
Bread - Sour Batard,213.3,Youtags
Salt - Seasoned,652.89,Riffpath
Oil - Olive Bertolli,55.08,Youspan
Cognac - Courvaisier,279.82,Quire
Chicken - Soup Base,713.49,Thoughtstorm
Coffee Decaf Colombian,573.11,Skiptube
Flavouring - Orange,537.87,Yodo
Pickerel - Fillets,385.72,Quinu
Veal - Nuckle,47.25,Yambee
"Wine - Mas Chicet Rose, Vintage",848.19,Latz
Chips Potato Swt Chilli Sour,133.15,Snaptags
Shallots,289.63,Avaveo
Wine - Rioja Campo Viejo,485.39,Demivee
Tofu - Soft,562.23,Trilith
Glaze - Apricot,423.49,Camimbo
Pepper - Scotch Bonnet,329.31,Yadel
"Salmon - Atlantic, Skin On",699.8,Babbleopia
Breadfruit,658.86,Yabox
Muskox - French Rack,308.82,Oyoloo
"Wine - White, Gewurtzraminer",352.37,Katz
Wine - Red Oakridge Merlot,758.43,Browseblab
Cranberries - Dry,238.89,Tagchat
"Oil - Food, Lacquer Spray",64.84,Feedfire
Pastry - Banana Tea Loaf,476.92,Riffwire
Pastry - Raisin Muffin - Mini,222.93,Gabvine
Sugar - Monocystal / Rock,191.41,DabZ
Pork - Smoked Back Bacon,65.53,Kare
"Chestnuts - Whole,canned",199.87,Rhynoodle
Egg - Salad Premix,848.55,Skinder
Buttons,705.59,Omba
Parasol Pick Stir Stick,970.81,Ooba
Eggplant - Regular,713.71,Quimba
Sea Urchin,432.81,Photojam
Chicken Breast Wing On,629.72,Wikizz
Onions - Green,807.36,Dabtype
"Pepper - White, Whole",705.25,Katz
Pastry - Chocolate Chip Muffin,138.02,Thoughtstorm
Soho Lychee Liqueur,620.7,Yodoo
Eggroll,919.71,Ainyx
"Salmon - Atlantic, No Skin",817.28,Kwideo
Gooseberry,78.85,Ainyx
"Mushroom - Chanterelle, Dry",711.31,Yakidoo
Peppercorns - Green,750.58,JumpXS
Milkettes - 2%,226.82,Eadel
Sour Puss - Tangerine,321.9,Twinder
"Oil - Truffle, Black",528.5,Wordify
Wine - Beringer Founders Estate,768.73,Roomm
Wine - Penfolds Koonuga Hill,370.81,Meemm
Brandy Apricot,971.84,Yata
Pan Grease,126.69,Vinder
Gelatine Leaves - Bulk,63.87,Devshare
"Schnappes - Peach, Walkers",999.53,Edgepulse
Pepper - Gypsy Pepper,172.79,Oyoyo
Muffin - Mix - Bran And Maple 15l,40.46,Kazu
Wine - Pinot Grigio Collavini,329.14,Vipe
Pepper - Cayenne,656.68,Youfeed
Muffin - Mix - Mango Sour Cherry,719.3,Quimba
Wine - Shiraz Wolf Blass Premium,716.44,Lazzy
Sauce - Chili,937.41,Twitterwire
Coffee - Hazelnut Cream,872.99,Jaxnation
"Lamb - Leg, Boneless",928.37,Oodoo
Tuna - Fresh,103.86,Voonte
"Beef - Roasted, Cooked",597.43,Vinder
Wine - Taylors Reserve,68.87,Tazz
"Lobster - Baby, Boiled",811.82,Twiyo
Longos - Grilled Salmon With Bbq,474.77,Thoughtbridge
"Clams - Littleneck, Whole",512.05,Thoughtstorm
Goat - Whole Cut,375.02,Flashspan
Milk Powder,861.13,Rhycero
"Potatoes - Instant, Mashed",393.95,Browsezoom
Muffin Mix - Carrot,612.04,Flipbug
Compound - Orange,435.26,Eimbee
Sandwich Wrap,136.39,Gabtype
Coffee Decaf Colombian,595.04,Jatri
Longos - Chicken Caeser Salad,302.39,Dynabox
Tarragon - Fresh,802.82,Babblestorm
Flax Seed,459.21,Skippad
"Veal - Brisket, Provimi,bnls",464.96,Wordtune
White Fish - Filets,258.55,Trunyx
"Salmon - Atlantic, No Skin",209.18,Topiclounge
Wine - Two Oceans Cabernet,91.22,Photolist
"Schnappes - Peach, Walkers",924.94,Fivechat
Mix Pina Colada,774.19,Voonder
Beer - Labatt Blue,879.22,Topicware
Cheese - Ermite Bleu,834.11,Blogspan
"Nut - Pecan, Pieces",862.53,Meezzy
Fireball Whisky,523.46,Thoughtsphere
Lemonade - Pineapple Passion,864.41,Realbuzz
Onion - Dried,464.02,LiveZ
Wine - Cave Springs Dry Riesling,309.08,Camimbo
Table Cloth 53x69 White,712.14,Avaveo
Wine - Alsace Riesling Reserve,730.93,Yambee
Tea - Honey Green Tea,952.76,Twitterworks
Rice Wine - Aji Mirin,978.29,Browsedrive
Paper - Brown Paper Mini Cups,249.6,Eimbee
Appetizer - Cheese Bites,314.56,Yacero
Blouse / Shirt / Sweater,218.43,Photolist
Juice - Propel Sport,150.38,Jabberstorm
Lighter - Bbq,987.6,Mymm
Chicken - Whole Fryers,674.72,Babbleopia
Bread Base - Toscano,912.39,Pixonyx
Calypso - Black Cherry Lemonade,341.48,Photospace
Duck - Whole,759.67,Browsetype
Appetizer - Chicken Satay,572.33,Voomm
Wine - Barolo Fontanafredda,276.04,Kwideo
Oil - Peanut,43.57,Babbleblab
Flounder - Fresh,221.53,Twiyo
Skewers - Bamboo,526.88,Aivee
Mousse - Banana Chocolate,326.77,Jetpulse
Wine - Zinfandel Rosenblum,440.63,Skalith
Lamb - Shoulder,696.39,Wordtune
Bacon Strip Precooked,832.72,Jaxspan
Wine - Magnotta - Cab Sauv,107.11,Dynabox
Bread - Crusty Italian Poly,868.84,Divape
Nantucket Orange Juice,431.69,Devcast
Shark - Loin,327.09,Gabcube
"Halibut - Whole, Fresh",613.07,Topicstorm
Ecolab - Balanced Fusion,73.96,Browsedrive
Wine - Saint Emilion Calvet,39.36,Jabbersphere
Fudge - Cream Fudge,453.11,Thoughtsphere
Juice Peach Nectar,94.25,Geba
Chocolate Bar - Coffee Crisp,331.32,Mynte
Vaccum Bag 10x13,967.16,Pixonyx
Sugar - Brown,56.72,Yacero
"Crab - Blue, Frozen",402.33,LiveZ
Pie Filling - Apple,690.64,Zooveo
Truffle - Peelings,810.29,Fatz
Appetizer - Tarragon Chicken,326.08,Blogspan
Island Oasis - Strawberry,960.06,Realcube
Chicken - Wieners,541.69,Gigaclub
Spring Roll Veg Mini,843.59,Divape
Lettuce - Treviso,640.61,LiveZ
Lemon Grass,906.34,Twitterbridge
Sproutsmustard Cress,615.2,Oyondu
Lettuce - Curly Endive,431.58,Cogidoo
Sprouts Dikon,986.88,Jaxworks
Wine - Muscadet Sur Lie,473.46,Devify
Shark - Loin,47.16,Gabtype
Salad Dressing,556.72,Janyx
Tobasco Sauce,779.64,BlogXS
Cheese - Shred Cheddar / Mozza,149.66,Reallinks
Bread - Italian Roll With Herbs,585.52,Plambee
"Turkey - Breast, Boneless Sk On",325.56,Brainsphere
Irish Cream - Butterscotch,174.58,Abata
Beef - Cow Feet Split,462.35,Bluezoom
Mushroom - Chanterelle Frozen,630.91,Oyonder
Table Cloth 54x72 White,571.45,Skibox
"Bread - Rolls, Rye",191.73,Jabbertype
Lid Tray - 12in Dome,473.22,Thoughtbeat
Soup - Campbells Beef Strogonoff,870.3,Vimbo
Lettuce - Arugula,565.03,Skimia
Filo Dough,655.77,Edgeify
Towel - Roll White,422.25,Kamba
"Cup - 6oz, Foam",630.79,InnoZ
Aspic - Clear,920.96,Ainyx
Cinnamon Buns Sticky,728.53,Yadel
Sea Urchin,355.76,Jabberbean
Cheese Cloth No 100,137.41,Topicshots
Muffin Batt - Carrot Spice,210.1,Rhynyx
Sobe - Liz Blizz,168.52,Tagcat
"Asparagus - Green, Fresh",617.59,Tagchat
Mushroom - Crimini,557.21,Mybuzz
Muffin Orange Individual,69.6,Tanoodle
Potatoes - Idaho 100 Count,991.59,Edgewire
Sauce - Roasted Red Pepper,469.13,Kazu
Wine - Sogrape Mateus Rose,637.63,Voonix
Graham Cracker Mix,935.78,Kwinu
Pie Shell - 9,15.13,Shuffletag
Oil - Shortening - All - Purpose,125.56,Dabjam
"Juice - Clamato, 341 Ml",972.16,Miboo
"Veal - Leg, Provimi - 50 Lb Max",953.26,Podcat
Towel - Roll White,764.94,Blogpad
Mix - Cocktail Ice Cream,981.01,Voolia
Pork - Bones,945.27,Meevee
Soup Campbells - Italian Wedding,190.78,Meezzy
Wild Boar - Tenderloin,519.18,Flashdog
Pastry - Mini French Pastries,616.89,Devshare
Wine - Wyndham Estate Bin 777,491.49,Browsetype
Tea - Vanilla Chai,402.5,Yoveo
Wine - Sicilia Igt Nero Avola,144.52,Fivespan
Cheese - Gouda,405.69,Talane
"Quail - Whole, Boneless",875.07,Skipfire
Tarts Assorted,940.93,Nlounge
Beer - Maudite,295.96,Twinte
"Wine - White, Schroder And Schyl",403.45,Tekfly
Taro Leaves,86.56,Topicstorm
Celery Root,293.84,Gabcube
"Wine - Saint - Bris 2002, Sauv",840.46,Twitterbridge
Crackers - Graham,662.07,Innotype
Taro Leaves,231.0,Myworks
Flour Dark Rye,218.87,Mudo
Steel Wool,748.46,Jabbercube
Bay Leaf Ground,645.43,Brightdog
Towels - Paper / Kraft,818.95,Lajo
"Beans - Black Bean, Canned",492.43,Browsedrive
Cream - 18%,939.17,Lajo
Cookie - Oatmeal,729.98,Pixope
"Sauce - Apple, Unsweetened",941.25,Skaboo
"Beans - Navy, Dry",480.74,Gigashots
Pastry - Mini French Pastries,754.3,Miboo
Bar - Granola Trail Mix Fruit Nut,989.78,Tagfeed
Chicken - Bones,92.94,Oyonder
Cake - Sheet Strawberry,98.64,Voonte
Cheese - Comte,140.11,Omba
Amaretto,659.95,Twitterlist
Energy Drink Bawls,903.52,Zoomcast
Container - Hngd Cll Blk 7x7x3,343.73,Eimbee
"Cod - Salted, Boneless",732.83,Katz
Beer - Creemore,635.12,Rhynoodle
Carbonated Water - Wildberry,258.53,Flipstorm
The Pop Shoppe - Root Beer,600.29,Dynazzy
Duck - Fat,864.63,Oyoloo
Wine - Two Oceans Sauvignon,44.71,Twitterworks
Sauce - Mint,652.56,Realcube
Juice - Lemon,453.05,Devify
Lady Fingers,130.24,Eadel
Lettuce - Romaine,863.1,Tavu
Cucumber - English,118.32,Chatterbridge
Muffin - Blueberry Individual,913.73,Livepath
Bread Crumbs - Panko,518.62,Avavee
Tomatoes Tear Drop Yellow,843.24,Zoomdog
Sprouts - Alfalfa,290.01,Oozz
Garbage Bags - Clear,806.52,Feedfish
Lobster - Cooked,887.34,Skippad
Soap - Hand Soap,304.14,Realfire
Pop Shoppe Cream Soda,11.95,Yodel
Mountain Dew,853.82,Quimm
Yogurt - Assorted Pack,229.02,Divanoodle
Halibut - Steaks,163.23,Photobean
Containter - 3oz Microwave Rect.,120.19,Dynabox
Cheese - Gouda,351.4,Lajo
Soap - Hand Soap,5.89,Kamba
Wine - Sauvignon Blanc Oyster,708.79,Edgetag
Bag Clear 10 Lb,269.67,Yoveo
Cookie Trail Mix,332.09,Dazzlesphere
Container - Hngd Cll Blk 7x7x3,115.7,Wordtune
Swiss Chard - Red,362.77,Jabbertype
Bread Foccacia Whole,666.58,Eamia
Wine - Redchard Merritt,919.3,Skyndu
Nantuket Peach Orange,992.61,Kazio
Pear - Halves,349.75,Wordware
"Juice - Clamato, 341 Ml",721.66,Voolia
"Turkey - Whole, Fresh",70.54,Zoomcast
Sugar - Crumb,815.7,Muxo
Pork - Sausage Casing,224.34,Linklinks
Basil - Pesto Sauce,656.6,Dynabox
Water - Spring Water 500ml,541.54,Topiclounge
Ice Cream - Super Sandwich,188.07,Oloo
Plate Foam Laminated 9in Blk,608.53,Kazio
Muffin Mix - Oatmeal,820.13,Plambee
Tia Maria,653.91,Oyoyo
Stainless Steel Cleaner Vision,462.68,Fivebridge
Spice - Onion Powder Granulated,73.13,Centidel
"Nut - Walnut, Pieces",62.93,Dynabox
Anisette - Mcguiness,918.83,Gigabox
Cardamon Seed / Pod,464.59,Eire
Lemon Grass,706.66,Voolith
Eggwhite Frozen,135.51,Tagcat
Appetizer - Veg Assortment,606.75,Jayo
Potatoes - Mini White 3 Oz,162.89,Gabtype
Peppercorns - Green,484.38,Mynte
Silicone Parch. 16.3x24.3,106.3,Trunyx
Juice - Orange 1.89l,852.6,Flipopia
"Mushroom - Trumpet, Dry",296.87,Skyble
Basil - Thai,707.77,Feednation
Rabbit - Frozen,956.04,Fivebridge
Cake - Mini Potato Pancake,418.28,Thoughtstorm
Otomegusa Dashi Konbu,694.52,Flashspan
"Wine - White, Pinot Grigio",463.66,Realmix
Oil - Macadamia,416.52,Dablist
Vinegar - White Wine,526.69,Meeveo
Tea - Herbal Orange Spice,546.28,Dabvine
Stainless Steel Cleaner Vision,15.51,Skalith
Mousse - Passion Fruit,523.65,Centizu
Pate - Peppercorn,635.67,Thoughtbeat
Cheese - Cream Cheese,750.78,Vidoo
Tofu - Firm,787.68,Quimba
Bandage - Fexible 1x3,709.43,Feedfish
"Wine - Red, Gamay Noir",236.86,Viva
Sprouts - Baby Pea Tendrils,489.91,Omba
Yogurt - French Vanilla,501.26,Voonder
Ocean Spray - Kiwi Strawberry,488.68,Abata
"Chicken - Base, Ultimate",939.63,Kaymbo
"Nut - Walnut, Pieces",869.07,Gabtune
Instant Coffee,52.08,Centizu
Asparagus - Mexican,899.81,Voonder
Wine La Vielle Ferme Cote Du,904.17,Innotype
Table Cloth 54x54 Colour,994.89,Oba
"Bread - Crumbs, Bulk",124.42,Fiveclub
"Beans - Navy, Dry",794.76,Realcube
Sorrel - Fresh,196.48,Trudoo
Lettuce - Frisee,35.08,Kimia
Smirnoff Green Apple Twist,997.29,Myworks
Pepper - Orange,914.42,Mita
Beef - Sushi Flat Iron Steak,779.66,Realblab
Blackberries,319.41,Yoveo
Tea - Herbal Orange Spice,871.58,Yamia
"Tomatoes - Plum, Canned",364.31,Twiyo
Lettuce - Boston Bib - Organic,701.03,Centimia
Sauce - Mint,350.34,Yotz
Guava,719.68,Tavu
Bar Nature Valley,593.29,Dabshots
"Wine - Mas Chicet Rose, Vintage",639.23,Oozz
Bread Sour Rolls,996.09,Zoovu
Peppercorns - Pink,828.85,Trilia
Macaroons - Homestyle Two Bit,208.93,Thoughtstorm
Melon - Watermelon Yellow,671.06,Roombo
Veal - Knuckle,910.17,Myworks
Wine - Barolo Fontanafredda,680.13,Skidoo
"Beef - Rib Roast, Cap On",623.62,BlogXS
Cafe Royale,657.16,Browsezoom
Edible Flower - Mixed,40.75,Twitterbridge
Garlic,895.73,Babbleblab
Ecolab - Power Fusion,459.48,Fiveclub
Shark - Loin,891.72,Snaptags
